index,x,y
0,1.1499115000424969,0.7357505498736965
1,1.1399658035344766,0.7347791276259098
2,1.1335969713237497,0.7335529632265817
3,1.1570122977661401,0.7398053320568174
4,1.1561603519459407,0.7404146008557302
5,0.022194270882411733,0.7865322872759906
6,0.0236343174125241,0.7816904274682253
7,0.018836747180271642,0.7921007406910666
8,0.688280844883286,0.4775536977156654
9,0.0796508648554567,0.6186029989793002
10,0.09494387176276287,0.6267249613291302
11,0.08561478022467925,0.6207575455425598
12,0.0925524248436769,0.6241133479320103
13,0.0915919342041941,0.623116249414268
14,0.09025868829663795,0.6223065386082255
15,0.08772484578530504,0.6215538294398287
16,0.7545226827838911,0.34360228903573803
17,0.7636756104525548,0.3458155611445765
18,0.7634571340990233,0.5556390137112941
19,0.7631698405421982,0.555242160174906
20,0.9337711169746175,0.7892219946925058
21,0.956354921197672,0.7859601340345223
22,0.956354921197672,0.7859601340345223
23,0.933302992643617,0.7873970062517296
24,0.15356752583630123,0.7799018748015223
25,1.1975231248685014,0.7012495908104834
26,1.1996183176164965,0.6962815272538724
27,1.2000604518449174,0.6929115768380255
28,1.2048992699727392,0.6912111764799691
29,1.211512855410661,0.6978109573489847
30,1.2098120318280179,0.7003702535953309
31,1.2074294041018419,0.7039804437328696
32,1.2082154632835187,0.7042194671628758
33,1.2075973380340024,0.7044589666313839
34,1.1894824368829342,0.7107950305717443
35,1.1916328703840235,0.7122180900488791
36,1.1923687681963175,0.7133941040323097
37,1.1972656122922776,0.7142845223922475
38,1.2018340681423125,0.7157570379068776
39,1.1883832393915799,0.7228269412191255
40,1.1907831323083298,0.723369228113233
41,1.1892007530399065,0.7261127324789157
42,1.1897312206187818,0.7259545962723761
43,1.1885675742726929,0.7283085443926297
44,1.1887128729311138,0.7287739747936904
45,0.7252310122187566,0.46419529262691633
46,0.1376021625177328,0.764482288639258
47,0.13372903619260654,0.7642921509717548
48,0.12707765982560135,0.7671900159586584
49,0.13047630964380932,0.7678970438780834
50,0.1309175089199307,0.7697377453292847
51,0.13503946612135653,0.7720630568047185
52,0.14194307533395303,0.7730019437295108
53,0.12056909545816974,0.7778682154038009
54,0.16098022443275486,0.7456132289618502
55,0.15657663445712452,0.7420536206356455
56,0.4903634520947214,0.6841883293699531
57,1.1557386452467542,0.617535653745019
58,0.24198943748649993,0.5655860112032693
59,0.6450732932225455,0.6605246322210869
60,0.7795848805615202,0.8478291727496462
61,0.9519426063100359,0.605050429300234
62,0.970419750408364,0.6061034503487273
63,0.9372741357537288,0.6115940032681834
64,0.030727085545830066,0.7613268398588509
65,0.42051870872542074,0.8863928245682676
66,0.4284543285000459,0.9546209047664854
67,0.4415258926719474,0.9664573393220321
68,0.4182266142374625,0.9214477313279752
69,0.9519424138198566,0.6050505855100222
70,0.41803043531776435,0.5314874410550365
71,0.3828605035848351,0.5953857560872884
72,0.39000539334465645,0.7108278329840485
73,0.36625158667122476,0.6222967238710725
74,0.3606966736493534,0.6372843285419316
75,0.3590642587194192,0.6445338286227777
76,0.3694448966085472,0.6437665134224893
77,0.37802077407493984,0.6596508938336911
78,0.3809038959092108,0.6676676542629815
79,0.39380527126399373,0.6698637750781931
80,0.39453934631214055,0.6718038796992252
81,0.3972429298062972,0.52026655408212
82,0.39525179567789603,0.5161495190706727
83,0.4471045880518927,0.6332470247780091
84,0.3922716391513913,0.6010430288422954
85,0.41185764060537916,0.6271458383256959
86,0.41185764060537916,0.6271458383256959
87,0.7403286180238239,0.44410784325464725
88,0.7007515489962454,0.4474616199797922
89,0.7413558359732246,0.44370635180725876
90,0.7338826326065273,0.45777728328243056
91,0.4670356419016156,0.6490038447064777
92,0.5002955289404618,0.6867762194289161
93,1.1223241060981204,0.7483372864700581
94,0.0072356351300736305,0.7638621104306579
95,0.01502601910021409,0.7597570577932474
96,1.4116591391260587,0.7741028316439601
97,0.39248771527023785,0.5997374640706169
98,0.3857825634325233,0.6006634328791445
99,0.3857825634325233,0.6006634328791445
100,0.42224844511867227,0.6320144364487343
101,0.3878976101675855,0.6298895676461175
102,0.38729133288502515,0.6295154502159143
103,0.40543879630336715,0.6352339591379149
104,0.40421669579670044,0.6335552144449946
105,0.40100269120091525,0.6332620924298329
106,0.42940558746766316,0.6277316548415344
107,0.447415278986433,0.633275892428715
108,0.42379174102395095,0.6191078285737779
109,0.39380527126399373,0.6698637750781931
110,0.4104924452564263,0.6660773689960813
111,0.4133440615552244,0.6638651235699006
112,0.4319244039598958,0.6571383194122534
113,0.4364558859820168,0.6592339153140762
114,0.43893437774586685,0.6590380211260823
115,0.4673262902872803,0.6655997921289074
116,0.4685158285266734,0.6628963931702658
117,0.453344852536316,0.6334880978863582
118,0.4649195423631237,0.6648821560692685
119,1.3878304537728705,0.8854081916710842
120,1.3956925619408493,0.8820431740063608
121,0.4602065028181911,0.6356249582292922
122,0.45931245664591386,0.6348318565498057
123,0.46523023329766405,0.6424199417642605
124,0.40584251892008555,0.6354389861942085
125,1.0203440858133699,0.6599617568193801
126,0.8165773918080708,0.8444906712112967
127,1.303663227195297,0.6777972325665331
128,1.2494635277726873,0.669838399809903
129,1.2357121275711274,0.6774337140831629
130,1.1797341135193982,0.6408864219592553
131,1.1854616116647023,0.6431033879168203
132,0.2419249847033948,0.5653130551325156
133,0.7589669392561815,0.7445589521562076
134,0.8840151947630355,0.656397309611622
135,0.8766080705250401,0.6612444676602351
136,0.8766080705250401,0.6612444676602351
137,0.6980914564975026,0.4071985913994062
138,0.4590470323304825,0.6349569533648761
139,0.45943939016987884,0.635078653412856
140,0.8847999104418283,0.757746248032518
141,1.1622369526374874,0.8396952277888571
142,1.3011039366965838,0.8486636725411084
143,1.2853178563740142,0.7445172361083927
144,1.2737357851380848,0.7363114106520307
145,0.4962578274403853,0.3493158653172876
146,0.4992734925124187,0.3642166821776928
147,0.499456582099923,0.3309115254659484
148,1.1150803117414663,0.7020235045099195
149,1.1056307449213523,0.7005627293033839
150,1.1155100755295873,0.7026488650395122
151,1.1267662530351805,0.7313981107722676
152,1.1267662530351805,0.7313981107722676
153,1.1612145783695378,0.7404797580648765
154,1.1795047987902594,0.7451805431825443
155,1.1858962623463554,0.7484190119242017
156,1.1904349882846126,0.7495201044533297
157,1.1925879202296623,0.7473229912658704
158,1.1960061569057092,0.7392645068089594
159,1.2004069655946668,0.7397590993066655
160,1.2087263597180393,0.7392637289765683
161,1.2225603382065289,0.738843584353045
162,1.2286062504637723,0.7292456673385779
163,1.235669830800499,0.7314891776991639
164,1.2448597794375291,0.7250008915076531
165,1.2496986957746261,0.7288867078188185
166,1.2547079423501977,0.735079583757703
167,1.239407440111011,0.7203618067227392
168,1.2419818862650678,0.7140065406780078
169,1.2399451948181033,0.7099726327667204
170,1.2337522593475674,0.7104910628284408
171,1.2314741695022478,0.7157606861289066
172,1.131932115906043,0.6915944913240138
173,1.1155100755295873,0.7026488650395122
174,1.1181536688701021,0.7077461597831173
175,1.1352489770398937,0.7035474697920772
176,1.124343532354511,0.6945013728926667
177,1.1762029951024768,0.7273738072370174
178,1.1660630838602617,0.712078032066909
179,1.1689988105106819,0.6940283548235302
180,1.1975231248685014,0.7012495908104834
181,1.1521262920457875,0.7342873280488014
182,0.8318634101433561,0.8260079383000475
183,0.8610316434347213,0.6206698433460972
184,0.8353676742160764,0.5874588098278681
185,0.970419750408364,0.6061021295180505
186,0.970419750408364,0.6061021295180505
187,0.9007447126665481,0.7557017184644954
188,0.9330277356155561,0.7876455034313485
189,0.8533195361852582,0.6284986673802897
190,0.8629564116633373,0.7230418269242933
191,0.8629564116633373,0.7230418269242933
192,0.7973344746359435,0.4120723999392407
193,0.7973344746359435,0.4120723999392407
194,0.3602533923365986,0.6355106119174714
195,0.3614952014806053,0.6355707866359593
196,1.1595331295126994,0.6864328902688899
197,0.5505253305465689,0.7819766361757127
198,0.5536461581104488,0.7726394542015522
199,0.5537129129189637,0.7658553486258393
200,0.5558466587000173,0.758498474303532
201,0.561463192149498,0.7502250915844093
202,0.5667265925440832,0.7452616782886499
203,0.57011672958232,0.7388558836108449
204,0.57011672958232,0.7388558836108449
205,0.570159694176019,0.7351304227083485
206,0.5687841907815449,0.7299099560831052
207,0.5373635670479852,0.799576382287035
208,0.5487869124533928,0.7885504445151283
209,0.5429572727335465,0.7973137688401948
210,0.5595158868564174,0.7539800532740701
211,0.5459365414482039,0.7941756627206473
212,0.9938687390619102,0.7050204406092389
213,0.9955459688482875,0.6961943415724824
214,0.45967033517298533,0.6373405413070956
215,0.45863088820464115,0.6367857906678303
216,0.45940313523385906,0.6351024035343734
217,1.124343532354511,0.6945013728926667
218,1.1325110124426874,0.6926925606923342
219,1.2597072108634126,0.7172908870843394
220,1.25453818565389,0.7156539569134119
221,1.2415745652605075,0.7116776214270937
222,1.233752066857388,0.7104910628284408
223,1.2228838356305507,0.7105720162837593
224,1.207897335942663,0.7095691214628637
225,1.197522838097418,0.7012493982551223
226,1.2074845505740324,0.7040038472795506
227,1.2082153650742435,0.7042194671628758
228,1.2228838356305507,0.7105720162837593
229,1.2018340681423125,0.7157571361886914
230,1.2063470868207025,0.7198155706737285
231,1.210687477163579,0.7214762368911767
232,1.1883832393915799,0.7228270396680332
233,1.2136909132166689,0.7200690794290083
234,1.2172924319703993,0.7248821697414706
235,1.2296564336700775,0.719281892328459
236,1.221164022302462,0.7086127884462338
237,1.2296564336700775,0.719281892328459
238,1.2286060579735927,0.729245568653845
239,1.2326894110731368,0.7215706128492753
240,1.2448599719277085,0.725000698408845
241,1.2586698773586698,0.7406174528148485
242,1.1964835836192533,0.7041154939582707
243,1.1894823386736593,0.7107948380557226
244,1.1699452257968481,0.6969994979254281
245,1.1689988105106819,0.6940283548235302
246,1.120231022885356,0.7152212176640079
247,1.150017573916417,0.7356977608627142
248,1.1762029951024768,0.7273738072370174
249,1.1622369526374874,0.8396952277888571
250,0.7260817598857993,0.406030943072328
251,0.7336342809914905,0.425332563478115
252,0.7448650419366711,0.43676429625648944
253,1.2791925360252434,0.6476640083235397
254,1.27724830271829,0.6509670235699428
255,1.27946875157583,0.6468787125315816
256,1.1584209841105073,0.6877302671884261
257,0.4083180329787126,0.5516575852669164
258,0.4083180329787126,0.5516575852669164
259,0.6704489632213876,0.5420457347006584
260,0.6704489632213876,0.5420457347006584
261,0.6704489632213876,0.5420457347006584
262,0.6704489632213876,0.5420457347006584
263,0.09118283364756774,0.30119825994224314
264,0.05182280318973234,0.3347664329016383
265,0.07841678674559088,0.30907103909578504
266,0.06836674091852259,0.3497279583053411
267,0.057329039766460956,0.37263004608388894
268,0.12437832290050276,0.3135467523368805
269,1.1984109406443624,0.701690519838478
270,0.6427925163714572,0.5908687651576998
271,0.43759780843643903,0.9513130913793321
272,0.4383286229366503,0.949578327565277
273,1.162983496335209,0.7405633433490588
274,1.1618026830078216,0.7401694103864336
275,0.6464105303550444,0.5920242728872567
276,1.3929000244136194,0.8594851021394292
277,0.08620063390637635,0.6212863898751925
278,0.844186749274745,0.5857653565073718
279,0.5247812775565835,0.8043103590405845
280,0.5247812775565835,0.8043103590405845
281,0.6722637252767057,0.5457159174954306
282,1.1559634541343484,0.6175951200370544
283,0.900335187845853,0.6625234637571863
284,0.8839261935895102,0.6658852674117828
285,0.8852355196460073,0.6990865132210033
286,0.8766080705250401,0.6612444676602351
287,0.8629562191731578,0.7230425948773233
288,0.900335187845853,0.6625234637571863
289,0.8839261935895102,0.6658852674117828
290,0.919820513007684,0.6389287391860924
291,0.6818517868166568,0.5517738002012937
292,0.6818517868166568,0.5517738002012937
293,1.1800419760268137,0.6410352404690208
294,1.1859598508878393,0.57920487623145
295,1.1141251715432943,0.7133537086525862
296,0.3861566504183681,0.6572670573384437
297,0.1755436032078937,0.41490836607696696
298,0.1750285819838165,0.4166228494907748
299,0.09025867258315397,0.6223064375563755
300,0.09075758355773306,0.6237780794775246
301,0.08595472966647678,0.6212683686425783
302,0.08761833979057437,0.6215303650530098
303,0.08761833979057437,0.6215303650530098
304,0.09246166375994065,0.6236154042538915
305,0.09246166375994065,0.6236154042538915
306,0.08104791143653094,0.6185833478636278
307,0.08104791143653094,0.6185833478636278
308,0.6458375774437328,0.5926411299999276
309,0.6534829377414231,0.5878100815684727
310,0.693927300734724,0.41803503364151817
311,0.6938423261414803,0.42093037120440113
312,0.6846415430572143,0.44899441687364866
313,0.6888008551385416,0.4435799301307609
314,0.6988304734363756,0.43214717026229255
315,0.6821105446864901,0.5522882573432414
316,0.6462653259775277,0.5918550768854624
317,0.6426321602669682,0.5910694138463954
318,1.1141251715432943,0.7133537086525862
319,1.125664753518416,0.7192116846200993
320,1.1267661548259054,0.7313981107722676
321,1.1279174307316941,0.7306461911082619
322,1.1279174307316941,0.7306461911082619
323,1.130046576390299,0.7179825615558273
324,1.1366170008159715,0.7072144460548311
325,1.1155100755295873,0.7026488650395122
326,1.1155100755295873,0.7026488650395122
327,1.1056304542218978,0.7005627293033839
328,1.1056304542218978,0.7005627293033839
329,1.105640047303896,0.7050116131787623
330,1.1186324390865308,0.7188618004382828
331,1.1186324390865308,0.7188618004382828
332,1.1205839634500723,0.7283881169650219
333,1.0947430407594356,0.6923564679328754
334,1.0947430407594356,0.6923564679328754
335,1.1055878746085577,0.6952797504769093
336,1.1013644907961124,0.710814789016203
337,1.115024784217288,0.7269326158599064
338,1.0968334408948022,0.6938188219456151
339,1.0992675734932458,0.698835164716301
340,1.0951773103891012,0.7002396620742937
341,1.1218748772316616,0.7132117113829143
342,0.4183539798822382,0.8891865216699325
343,0.41972564918660993,0.8882143327010997
344,1.1630897587709375,0.6835671026733836
345,1.1549702362360097,0.6897052511546834
346,1.1512812523018172,0.6945412373863653
347,1.1406171117338855,0.7011342690253484
348,1.1406171117338855,0.7011342690253484
349,1.3816370390410715,0.8972270012417322
350,1.3889962096541897,0.8867435330005506
351,1.3970002616517496,0.8769062028067813
352,1.3921028440136227,0.8751886703336579
353,1.3966730244185295,0.8682917955460205
354,1.3936569272256856,0.8854514513437519
355,0.6879862170577917,0.44182458596944013
356,0.6873545703552708,0.44211444427069785
357,0.6862031058876735,0.4403184612058082
358,0.6860279791081996,0.4402402300532354
359,0.6861603298557828,0.44385320453993754
360,0.6853694780614776,0.4440293347413999
361,0.6878559758454391,0.44191668992267774
362,0.6869093680690936,0.44286860672135825
363,0.6878995179096761,0.4425245081893558
364,0.6831189143118012,0.4414442214515286
365,0.6831833631665353,0.4414511419189781
366,0.6830439138525434,0.4429210320974304
367,0.6847245966770356,0.4434120687441239
368,0.6837179516065963,0.44154260989516564
369,0.6850506828975508,0.44113654107405675
370,0.6831674454072166,0.4354956848236324
371,0.6832604731610238,0.43597254150993425
372,0.6848354670919545,0.4371552696911305
373,0.6855958190137645,0.4372837654561715
374,0.6865009942611034,0.4352526581974012
375,0.6866941522634976,0.4264351157051136
376,0.6823157863581005,0.42439249151384467
377,0.6795753272453049,0.427650833597648
378,0.6789665043783323,0.4288686256893999
379,0.6812515985091567,0.43009299561343634
380,0.678531276226141,0.43060070670853384
381,0.6839040149709525,0.4328301678267571
382,0.6842419923705048,0.43319756940881854
383,0.6803604239760853,0.4368141776602199
384,0.6824665533089624,0.4362560156224261
385,0.678319132406672,0.4324964346610652
386,0.6783818527781632,0.43267006504715577
387,0.6778424717254742,0.4330762744515098
388,0.6955592599736216,0.41628521812489777
389,0.695482153907504,0.4157410521494002
390,0.687685453116785,0.44217774837721385
391,0.6784209832817599,0.43272723751733505
392,0.6872151210412787,0.4413682736711658
393,0.6873864137306502,0.4412924727091681
394,0.6865470308409297,0.43525955985880443
395,1.3940681766012526,0.8677220793509234
396,1.301403934605244,0.4139402609065719
397,1.2686377298791673,0.4568871959433041
398,1.3210603599662671,0.4619045143276733
399,0.6823259529822656,0.4801122118576279
400,0.8852355196460073,0.6990865132210033
401,1.104961790479382,0.6569209958891842
402,1.1132754295392295,0.6908676272263488
403,1.1132754295392295,0.6908676272263488
404,1.2005604156229264,0.679222913675117
405,0.8515562750738364,0.5063658781187985
406,0.850403471031726,0.5067385700128841
407,0.7208409947649541,0.4699049661467151
408,0.7133552716798587,0.4661271310118999
409,1.1729221924860955,0.788631842082778
410,1.2211072455563037,0.7564748456167749
411,0.09469439270524717,0.415915579462915
412,0.10081405227139723,0.40910804905615356
413,0.09876374509052367,0.41108592701015473
414,0.09880747964494006,0.41090191158348194
415,0.09860300400567593,0.412892200586694
416,0.09918055703943617,0.41503346213282766
417,0.10260713757550106,0.4124406641836738
418,0.09857806670652607,0.41260674994629903
419,0.10172076351179966,0.4123535729283886
420,0.10358270923127806,0.41317049853228915
421,0.11890315581006522,0.4025813817406454
422,0.12181951166305202,0.40409636446526515
423,1.0234972360138916,0.6837270785294222
424,1.061118274836384,0.6192531451306831
425,1.077910517039759,0.6399054414502018
426,1.077910517039759,0.6399054414502018
427,0.8568051012119869,0.6096378501913059
428,0.7304033490450379,0.5189780837556146
429,0.9373332145252969,0.6117612431460444
430,1.1015037515482962,0.6873631894008339
431,0.40446389639903224,0.6918385687428925
432,0.4211013450712634,0.9080418789773459
433,0.41845218915740306,0.8951933966478155
434,0.7149688186438483,0.5286394058268081
435,0.8789320987409109,0.7557539352115212
436,0.8815265874438435,0.755265229392438
437,0.8815265874438435,0.755265229392438
438,0.8779480889442117,0.7542884859507554
439,0.8779480889442117,0.7542884859507554
440,1.3611373967002256,0.79027800223685
441,1.3637391725313757,0.7905929479670879
442,1.3566297481050016,0.7912864685325042
443,0.6001929233360678,0.5422049456029427
444,0.6083425607631321,0.5506670404551202
445,0.5953004908007481,0.5433412605516732
446,0.5962749114438202,0.5420775613756477
447,0.6428870840466989,0.5694230742004246
448,0.64068217189649,0.5712955780343257
449,0.64068217189649,0.5712955780343257
450,0.4676738097000075,0.6643023704412144
451,0.4681034752788535,0.6629646300785728
452,0.4218728260681349,0.6316232805350699
453,0.11392249206193755,0.7737829986600068
454,0.11852067782375039,0.7771075173517669
455,0.11218234548551852,0.7737865017777467
456,0.11097832334222417,0.7728657894504771
457,1.181244654667224,0.6502672926565403
458,1.1842645898785413,0.6554094711968327
459,1.189314310460594,0.661290090817393
460,1.1927190256836362,0.6581440283327051
461,1.1932181252200238,0.6550331322554085
462,1.196582943907123,0.6593370974593625
463,1.1966320485447055,0.6635992012136986
464,1.1938108339091276,0.6663847635468843
465,1.1914749105858486,0.6638267324826715
466,1.191402023590192,0.6704289148601144
467,1.1936355146394744,0.674981922618816
468,1.1967072375657717,0.6737742588180174
469,1.2002769129441226,0.6718134915707339
470,1.1861374721829023,0.6646315902800409
471,0.40922243826533417,0.6267730432877843
472,0.6708393097348286,0.45269223084570753
473,0.6738226050297677,0.4677840344843038
474,0.6738226050297677,0.4677840344843038
475,0.4951309624320314,0.4903796750648089
476,0.22013557959366448,0.5076042143198873
477,0.22013557959366448,0.5076042143198873
478,0.6929218066769897,0.47766810469887283
479,1.1849992423972262,0.7420330419512761
480,1.1683013714505428,0.7406090163303983
481,1.1736414968592577,0.7399039037769076
482,1.1734508333724527,0.741800979248885
483,1.179505278051522,0.7451807384332855
484,1.1925882070007459,0.747322895475999
485,1.1765486446106048,0.6643484572121836
486,1.1765486446106048,0.6643484572121836
487,1.1826364647297465,0.6581605211414915
488,1.1792996553279242,0.6595979454546412
489,0.8056592859829337,0.5754092694870271
490,0.5945685252878319,0.5428755301291421
491,0.5945685252878319,0.5428755301291421
492,0.5972558531827633,0.5404272316319333
493,0.5972558531827633,0.5404272316319333
494,0.584892998567419,0.5370700975102782
495,0.5848224096688015,0.5381388696077356
496,0.6465752980201739,0.5922724712575852
497,0.6465752980201739,0.5922724712575852
498,0.6428293448496439,0.5907717040509347
499,0.6428293448496439,0.5907717040509347
500,1.1137192922508932,0.6651065182944637
501,1.1137192922508932,0.6651065182944637
502,0.43596815122295135,0.6586756658921428
503,0.4388906431914504,0.6590125166872047
504,0.4388614868218395,0.6589599306976175
505,1.020941492834197,0.6802502491890945
506,1.163118149108202,0.7409642670661484
507,1.163118149108202,0.7409642670661484
508,1.1594974520472172,0.7417499354609234
509,1.1553224068400088,0.7410804709214596
510,1.1612145783695378,0.7404797580648765
511,1.1761086199174144,0.7115951246464732
512,1.1688906271015314,0.7058226329499808
513,1.146113759156987,0.7183059682130368
514,1.1391171182622126,0.7144113761877052
515,1.1573138316678644,0.7201876275781167
516,1.1573138316678644,0.7201876275781167
517,1.1366177707766887,0.7072144460548311
518,0.7578482256176664,0.44363568977122647
519,0.7558771340381407,0.44284353892929024
520,0.749531129591333,0.445083946298288
521,0.7509056783916525,0.4450725669563325
522,0.7547672945897295,0.45355025939557014
523,0.7547672945897295,0.45355025939557014
524,0.7547672945897295,0.45355025939557014
525,0.754834430450232,0.45279585111246423
526,0.7511017119616233,0.4309882287368892
527,0.7565596138614871,0.43942847820546105
528,0.7580335190213052,0.44406732353668005
529,0.7553197217625314,0.44334014219646267
530,1.2792247604526108,0.6474510941199602
531,1.2796705402093258,0.646773182923738
532,1.27755520670318,0.6509390333983778
533,0.45196685462625275,0.633815332386227
534,0.4519835423462887,0.6338463993111481
535,0.4519284940833734,0.6339101015340189
536,0.453344852536316,0.6334880978863582
537,0.45237868147235777,0.6338701941655811
538,0.45185962973962773,0.63378769919494
539,0.45247209813489453,0.636145127241084
540,0.45222810701167504,0.6363902736700308
541,0.4529288066197499,0.6362491086970493
542,0.6842834209711403,0.4482870331738613
543,0.6880376237207838,0.4456626398383945
544,0.6853483787808012,0.44974789416239325
545,0.6870110303823732,0.4483809930426039
546,0.6842901345571906,0.44926683486084373
547,0.688315371336063,0.44291083597041775
548,0.689504241752385,0.4530718375269997
549,0.6852674346962104,0.45205195607844667
550,0.6939186701036225,0.452666732851244
551,0.6897280881890826,0.4529598050259718
552,0.6886771350220601,0.452587342241021
553,0.6886771350220601,0.452587342241021
554,0.6855620625217049,0.4504267478064157
555,0.6891672228753584,0.45340889682572194
556,0.9959998017655662,0.6905457717937646
557,0.9959998017655662,0.6905457717937646
558,0.9941583778562262,0.6810332482767897
559,0.9941583778562262,0.6810332482767897
560,0.9941560758308163,0.6870328412829763
561,0.9941560758308163,0.6870328412829763
562,0.9937033939262426,0.6929234916537824
563,0.9960174480081279,0.6995691189330322
564,0.9956671944491801,0.7059722510505003
565,0.9942282007224973,0.7094874969743564
566,0.9942282007224973,0.7094874969743564
567,0.9955547919695685,0.7082786431222955
568,0.7416041875882614,0.7099393489409533
569,0.7252416109637325,0.4631757303761797
570,0.7137596189075672,0.4625354151106324
571,0.6828849012509385,0.4572263708328276
572,0.8012317682995023,0.573933791881349
573,0.8012317682995023,0.573933791881349
574,0.7925160840373562,0.5701983895089983
575,0.7894059966398083,0.5709695168339242
576,0.7859364475816732,0.5737623307352506
577,0.7840106265496277,0.5817510391743601
578,0.7794354571135425,0.5808000166105856
579,0.7722719390184078,0.5779684279725645
580,0.7664047047880284,0.5725654296984661
581,0.7631426994269137,0.5712825378680401
582,0.7563282838780219,0.5706986435873976
583,0.7545747101295023,0.5699567208206066
584,0.24198943748649993,0.5655860112032693
585,0.24198943748649993,0.5655860112032693
586,1.2811191270180065,0.8728228117822454
587,1.2839886763304496,0.8841613231894097
588,1.284857215589781,0.870929139896322
589,1.2778759189121585,0.8827430490915724
590,1.2795861430866202,0.8718824694139348
591,1.2791710556925795,0.8837324813262437
592,0.39453934631214055,0.6718038796992252
593,0.39453934631214055,0.6718038796992252
594,0.39002364062798206,0.7108389596556515
595,0.431924502169171,0.6571385126398683
596,0.7257606626964624,0.44236723073873296
597,0.7250371353244683,0.4417495970563245
598,0.7237174501536269,0.43982610512697595
599,0.6790298061487324,0.39203751504654766
600,0.627489334983244,0.3821505843814213
601,0.7414353933428501,0.5254063509092518
602,0.7301981073734276,0.5190985565692668
603,0.7422149275002852,0.5215984552970273
604,0.7346735315412845,0.5166682839109807
605,0.4475280664464033,0.6333012717990636
606,0.7563562892349278,0.4398500800597924
607,0.7947135126407975,0.40826682252526625
608,0.7385190374898634,0.4248254189753686
609,0.7385190374898634,0.4248254189753686
610,0.7412972836033713,0.4335531284048276
611,0.7415681290707918,0.4225019109781843
612,0.7463730924972787,0.42994835668386366
613,0.7362836254671592,0.515654157069932
614,0.7797254808882171,0.5346317354213861
615,0.7602190564457095,0.5063127180879263
616,0.7552061682702149,0.5059611452428774
617,0.7920238866488272,0.3851415385320895
618,0.7867071586178275,0.3787170740308068
619,0.7776074603763029,0.4191672204050555
620,0.8024743434758553,0.4153524541659456
621,0.7702053251694859,0.4523352539719799
622,0.7659013822528087,0.44722646905383234
623,0.781025217791087,0.4108176647281546
624,0.7805725358865133,0.41256857106183714
625,0.7945493224462058,0.4071327755759349
626,0.4321865205869396,0.6331351795070634
627,0.7782354615505297,0.5215699070353741
628,0.7853579360253875,0.5373386380488226
629,0.7853579360253875,0.5373386380488226
630,0.7835138251102791,0.5285730757112865
631,0.7835138251102791,0.5285730757112865
632,0.4729234018705044,0.655195026694722
633,0.46744938579277184,0.6515774189485757
634,0.46538200591150375,0.6424339762606356
635,0.46601979265790794,0.6464716797211193
636,0.46270043308009695,0.6405269220141604
637,0.4593946970929369,0.6343048430829209
638,0.5251129263504442,0.8041081809725986
639,0.5251129263504442,0.8041081809725986
640,0.5251129263504442,0.8041081809725986
641,0.5251129263504442,0.8041081809725986
642,0.7428916483317358,0.539392940134456
643,0.7534491414835804,0.5244981104869892
644,0.7443747615931934,0.5306285677365901
645,0.9047511521901542,0.5868778702597838
646,0.9014749536245925,0.5876574136453128
647,0.9281092186967527,0.6029431152560083
648,1.1154475437199045,0.701892364748941
649,1.1154475437199045,0.701892364748941
650,1.1154475437199045,0.701892364748941
651,1.1831915789083172,0.5820778725401777
652,1.1831915789083172,0.5820778725401777
653,0.3926275259943624,0.5981354992483913
654,0.4520098231483228,0.6336611324004329
655,0.4520098231483228,0.6336611324004329
656,0.4520098231483228,0.6336611324004329
657,0.8402660503767291,0.5587385979553698
658,0.8485252186441993,0.5549414426844211
659,0.8376711806218088,0.5587297848724463
660,0.8431593899039882,0.5514370232839995
661,1.1900995996815538,0.6510817464355809
662,1.1900995996815538,0.6510817464355809
663,0.6930495573021241,0.47746556052439865
664,0.6983626358764585,0.48437777390849796
665,0.6991663413006972,0.48432021512026696
666,0.7006249022433638,0.4839710870495619
667,0.6984587356163929,0.48418382787129544
668,0.6984587356163929,0.48418382787129544
669,0.6971699313700342,0.4829594485723959
670,0.4708955335448206,0.5016896396172619
671,0.4765640471994606,0.4938372672672251
672,0.6971543946627031,0.4826426096672297
673,0.6971543946627031,0.4826426096672297
674,0.6970579099424103,0.4831265495010096
675,0.6970579099424103,0.4831265495010096
676,0.6971380919230259,0.48260539262819757
677,0.741611093664491,0.6923656958022056
678,0.741611093664491,0.6923656958022056
679,0.7173411854649552,0.5376800578039066
680,0.6373183117319163,0.5894934603145608
681,0.018856055123769085,0.7920752387682725
682,0.40130427224309123,0.606967022733639
683,0.4131053501626379,0.6114351365175805
684,0.4093833718403613,0.6120163561670128
685,0.41261180927122465,0.6138052387944629
686,0.41432433154272535,0.6097153671854472
687,0.4076052497014215,0.6047734359250007
688,0.40959762912343173,0.6177002047858303
689,0.42008376734431285,0.6167733774501352
690,1.1135623852561478,0.7103145736197279
691,1.1155100755295873,0.7026488650395122
692,1.1155100755295873,0.7026488650395122
693,1.1155100755295873,0.7026488650395122
694,1.1155100755295873,0.7026488650395122
695,1.1144953733702134,0.7021608783775038
696,0.23326109208459953,0.5595879738603292
697,1.2448001271237938,0.5633344928056093
698,1.2448001271237938,0.5633344928056093
699,1.2448001271237938,0.5633344928056093
700,1.2448001271237938,0.5633344928056093
701,1.2594839379688818,0.5534744446991885
702,0.42068031012351886,0.5314042463289759
703,0.7254008160555165,0.4640160359527771
704,0.6847211436389208,0.47914291229200634
705,0.42068031012351886,0.5314042463289759
706,0.45247209813489453,0.636145127241084
707,0.39220764205932285,0.601227150456782
708,0.39220764205932285,0.601227150456782
709,0.23326109208459953,0.5595879738603292
710,0.24733723500379073,0.5718364956989276
711,0.4189839020298872,0.5306964656269272
712,0.2323741366219892,0.5584044902164804
713,0.0949798124291021,0.6267968258103017
714,1.3936599952834416,0.8627175787728848
715,1.3930922238934877,0.8627217727488714
716,0.45247209813489453,0.636145127241084
717,0.4257549680047213,0.8447832428135363
718,0.4257549680047213,0.8447832428135363
719,0.4257549680047213,0.8447832428135363
720,0.4257549680047213,0.8447832428135363
721,0.5556957031873471,0.72172601691805
722,0.5556957031873471,0.72172601691805
723,0.5556957031873471,0.72172601691805
724,0.5556957031873471,0.72172601691805
725,0.5556957031873471,0.72172601691805
726,0.5556957031873471,0.72172601691805
727,0.5556957031873471,0.72172601691805
728,0.4051160649116916,0.7557148729180581
729,0.5373635670479852,0.799576382287035
730,0.5373635670479852,0.799576382287035
731,0.5373635670479852,0.799576382287035
732,0.5373635670479852,0.799576382287035
733,0.5251129263504442,0.8041081809725986
734,0.48438587385113785,0.8611735022690951
735,0.48438587385113785,0.8611735022690951
736,0.4912421069093948,0.8535692275583673
737,0.4912421069093948,0.8535692275583673
738,0.48438587385113785,0.8611735022690951
739,0.39461770160023796,0.671867180871626
740,1.2600286930331082,0.5514281580783197
741,1.2448001271237938,0.5633344928056093
742,1.2563596573668874,0.5599869651815245
743,1.2563596573668874,0.5599869651815245
744,1.2563596573668874,0.5599869651815245
745,1.2563596573668874,0.5599869651815245
746,1.2563596573668874,0.5599869651815245
747,0.08561464273169404,0.6207596602707156
748,0.08561464273169404,0.6207596602707156
749,0.08561464273169404,0.6207596602707156
750,0.08561464273169404,0.6207596602707156
751,0.2323741366219892,0.5584044902164804
752,0.22121856862624575,0.5406386017924198
753,0.6848937798311765,0.4793599113845536
754,0.6848937798311765,0.4793599113845536
755,0.6848937798311765,0.4793599113845536
756,0.9933903498974694,0.6307459338231933
757,0.9933903498974694,0.6307459338231933
758,0.9933903498974694,0.6307459338231933
759,0.6868919143167115,0.553261918675221
760,0.6868919143167115,0.553261918675221
761,0.759583383162907,0.544896502483744
762,0.8245249538305561,0.5780298167230705
763,0.8348971535787618,0.583595160355493
764,0.9284065335280156,0.6050964527872068
765,0.9284065335280156,0.6050964527872068
766,0.9284065335280156,0.6050964527872068
767,0.9284065335280156,0.6050964527872068
768,1.1013698648076495,0.6860450073733017
769,1.1013698648076495,0.6860450073733017
770,1.102289040769256,0.6792290019222313
771,1.102289040769256,0.6792290019222313
772,1.102289040769256,0.6792290019222313
773,1.1547381402201984,0.6173257683832843
774,1.2555885613503743,0.5594755686360067
775,0.41775896916772476,0.5322996563922441
776,1.1654513854257122,0.612709965869349
777,1.1556638372776755,0.6174194027671615
778,1.1556638372776755,0.6174194027671615
779,1.15321666248749,0.6178153151360346
780,1.1826947774689682,0.6525027064859783
781,1.1322144675721417,0.6432088829403573
782,1.1322144675721417,0.6432088829403573
783,1.1584209841105073,0.6877302671884261
784,1.1150677488109872,0.6980867292760367
785,1.1150677488109872,0.6980867292760367
786,1.1150677488109872,0.6980867292760367
787,1.1150677488109872,0.6980867292760367
788,1.1150677488109872,0.6980867292760367
789,1.1142709494629779,0.7018493846001846
790,1.1142709494629779,0.7018493846001846
791,1.1142709494629779,0.7018493846001846
792,0.4150798908519072,0.5374172529691429
793,0.4526681317048654,0.5728538810049479
794,0.5556957031873471,0.72172601691805
795,0.3924876917000118,0.599738266319191
796,0.3924876917000118,0.599738266319191
797,1.20868339512434,0.6003425079884189
798,1.20868339512434,0.6003425079884189
799,1.212376983109352,0.5607388938920456
800,1.1842956632932038,0.5777743444215113
801,1.1855881130678565,0.606215089894193
802,1.1855881130678565,0.606215089894193
803,1.1855881130678565,0.606215089894193
804,1.1855881130678565,0.606215089894193
805,1.1811123039196407,0.6174201794900943
806,1.1267876390869405,0.7312312315240532
807,1.1622369526374874,0.8396952277888571
808,1.1013698648076495,0.6860450073733017
809,1.1002036296650675,0.6810697464015715
810,1.1002036296650675,0.6810697464015715
811,1.0829809519221294,0.6422655379492278
812,1.0208528727126593,0.680201565442596
813,1.006721870092361,0.6678690268306836
814,0.9933903498974694,0.6307459338231933
815,0.970419750408364,0.6061034503487273
816,0.970419750408364,0.6061034503487273
817,0.970419750408364,0.6061034503487273
818,0.9372741357537288,0.6115940032681834
819,0.9284065335280156,0.6050964527872068
820,0.8766080705250401,0.6612444676602351
821,0.8766080705250401,0.6612444676602351
822,0.8766080705250401,0.6612444676602351
823,0.8766080705250401,0.6612444676602351
824,0.8348971535787618,0.583595160355493
825,0.8245249538305561,0.5780298167230705
826,0.8346474113203887,0.561285544640638
827,0.8346474113203887,0.561285544640638
828,0.8346474113203887,0.561285544640638
829,0.8346474113203887,0.561285544640638
830,0.8346474113203887,0.561285544640638
831,0.8180977145997029,0.5511657572590847
832,0.8180977145997029,0.5511657572590847
833,0.7565699690474604,0.5472427501412357
834,0.7565699690474604,0.5472427501412357
835,0.7565699690474604,0.5472427501412357
836,0.6713478098630349,0.543289102062407
837,0.6713478098630349,0.543289102062407
838,0.6900628050406993,0.49270674518362884
839,0.6867793193469204,0.47947151820645806
840,0.6867793193469204,0.47947151820645806
841,0.7353982099259835,0.4567685258579818
842,0.7400397452618541,0.4480069762866027
843,0.7400397452618541,0.4480069762866027
844,0.4150798908519072,0.5374172529691429
845,0.7353982099259835,0.4567685258579818
846,0.7243776757552207,0.4658239190855222
847,0.7098899456205559,0.4804749241692483
848,0.6892546880558202,0.4745179044840899
849,0.41622253219822364,0.5347586886347401
850,0.6147065964328602,0.647809377910646
851,0.6147065964328602,0.647809377910646
852,0.6385491882194118,0.6487699910394042
853,0.5556957031873471,0.72172601691805
854,0.48438587385113785,0.8611735022690951
855,0.39220764205932285,0.601227150456782
856,0.683193914771059,0.5539961763753714
857,0.683193914771059,0.5539961763753714
858,0.683193914771059,0.5539961763753714
859,0.7565699690474604,0.5472427501412357
860,0.403285577587234,0.6053335187347756
861,0.403285577587234,0.6053335187347756
862,0.4156413336361693,0.6158031643801044
863,0.4156413336361693,0.6158031643801044
864,0.42379174102395095,0.619107722762416
865,0.43825592843117334,0.6326326188096902
866,0.43825592843117334,0.6326326188096902
867,0.43825592843117334,0.6326326188096902
868,0.42940539497748387,0.6277317550460704
869,0.42940539497748387,0.6277317550460704
870,0.42052149001209344,0.6616925907072881
871,0.3780213986859299,0.6596508938336911
872,0.3780005861763369,0.6464333063777074
873,0.3694445862672377,0.6437663132598661
874,0.3616219896548431,0.644053635326002
875,0.35906394837810973,0.6445339796255377
876,0.35906394837810973,0.6445339796255377
877,0.22395722854512035,0.5058096423339767
878,0.08591118760223967,0.6212081309806289
879,1.4080752705432609,0.7795217334154761
880,1.4080752705432609,0.7795217334154761
881,1.4080752705432609,0.7795217334154761
882,1.4080752705432609,0.7795217334154761
883,0.7156255951356983,0.5282138121921691
884,0.7404341183555769,0.5125630195231358
885,0.7404341183555769,0.5125630195231358
886,0.7565699690474604,0.5472427501412357
887,0.8436949368665747,0.5740960769794484
888,0.8346474113203887,0.561285544640638
889,0.6421370873108623,0.5922456275234893
890,0.4309159361253096,0.7809698965901702
891,0.38924486857452223,0.7160379734483138
892,0.4325973889105192,0.6579533347896472
893,0.4325973889105192,0.6579533347896472
894,0.4573647192320225,0.5106897532180192
895,0.4283878172505333,0.5225201233783728
896,0.6825613095460125,0.4584015853035372
897,0.6825613095460125,0.4584015853035372
898,0.695296668013686,0.4564211138775593
899,0.6892546880558202,0.4745179044840899
900,0.3924876917000118,0.599738266319191
901,0.447415278986433,0.6332767041850087
902,0.447415278986433,0.6332767041850087
903,0.447415278986433,0.6332767041850087
904,0.447415278986433,0.6332767041850087
905,0.447415278986433,0.6332767041850087
906,0.5556957031873471,0.72172601691805
907,0.5373635670479852,0.799576382287035
908,0.5251129263504442,0.8041081809725986
909,0.48438587385113785,0.8611735022690951
910,0.4257549680047213,0.8447832428135363
911,0.4309159361253096,0.7809698965901702
912,0.4051160649116916,0.7557148729180581
913,0.3503234210977178,0.6518187084911077
914,0.35906394837810973,0.6445339796255377
915,0.380903990190115,0.6676675585310017
916,0.39128827360753715,0.5940594195999671
917,0.39128827360753715,0.5940594195999671
918,0.403285577587234,0.6053335187347756
919,0.39753990679765355,0.5989077450594884
920,0.28904220439636497,0.6133728891959002
921,0.39461770160023796,0.671867180871626
922,0.37950450801901664,0.6514665149805116
923,1.275971582141148,0.6533777646557376
924,1.1839922123464284,0.5760599050524744
925,1.1839922123464284,0.5760599050524744
926,0.21838507783127206,0.5190143480881942
927,1.256900578341011,0.5602788732622402
928,0.5556957031873471,0.72172601691805
929,0.5015701871228256,0.6876711579568777
930,0.46710584581987435,0.6490585107966366
931,0.46710584581987435,0.6490585107966366
932,0.4475086956489697,0.6333281162892126
933,0.4475086956489697,0.6333281162892126
934,0.431318413448419,0.6607867654950778
935,0.4333864650811292,0.6620136426482921
936,0.43993991894405315,0.6657134228517934
937,0.4443844111186041,0.6652006791250238
938,0.45315774029690103,0.6668139009758905
939,0.4549756175504275,0.6658086118126703
940,0.4562896930074715,0.6638058299233179
941,0.4586352526248294,0.664959453143743
942,0.42584176143374103,0.6648738568149419
943,0.42642037119930193,0.6660416797073979
944,0.4388599508287759,0.6639125955617534
945,0.44744889405713645,0.6657045499474703
946,0.4654464547662379,0.6650274717838918
947,0.39220764205932285,0.601227150456782
948,0.45247209813489453,0.636145127241084
949,0.4443840300666165,0.6652020459803799
950,0.4104924452564263,0.6660786350364812
951,0.4104924452564263,0.6660786350364812
952,0.4104924452564263,0.6660786350364812
953,0.41041303323652806,0.6082042172635729
954,0.41041303323652806,0.6082042172635729
955,1.3011891037800065,0.8487216627325818
956,1.3012535526347409,0.8480372928677752
957,1.3012535526347409,0.8480372928677752
958,1.275971582141148,0.6533777646557376
959,1.2759370556883707,0.6535212437976355
960,1.2759370556883707,0.6535212437976355
961,1.2563596573668874,0.5599869651815245
962,1.2448001271237938,0.5633344928056093
963,1.254153786694153,0.5587282590481077
964,1.212376983109352,0.5607388938920456
965,0.8610311641734586,0.6206710253995695
966,0.8610311641734586,0.6206710253995695
967,0.8610311641734586,0.6206710253995695
968,0.8610311641734586,0.6206710253995695
969,0.8446271550199231,0.5855884773382553
970,0.8446271550199231,0.5855884773382553
971,0.5558462776480296,0.758498474303532
972,0.5558462776480296,0.758498474303532
973,1.0947430407594356,0.6923580072250852
974,0.8610311641734586,0.6206710253995695
975,1.3010617381352307,0.8488724497210682
976,1.256900578341011,0.5602788732622402
977,1.2138639304609122,0.5593501079419156
978,1.2138639304609122,0.5593501079419156
979,1.2138639304609122,0.5593501079419156
980,0.4161603853688993,0.5346067678854409
981,0.4161603853688993,0.5346067678854409
982,0.4161603853688993,0.5346067678854409
983,0.5373635670479852,0.799576382287035
984,1.1654513854257122,0.612709965869349
985,1.1129961498592578,0.6921082942626884
986,1.1129961498592578,0.6921082942626884
987,1.2600286930331082,0.5514281580783197
988,1.0223313819232975,0.6553380943036902
989,1.0223313819232975,0.6553380943036902
990,0.766297287411224,0.5479294800436091
991,0.766297287411224,0.5479294800436091
992,0.8436949368665747,0.5740960769794484
993,0.844594930592556,0.5705271636027308
994,0.844594930592556,0.5705271636027308
995,0.820974939949093,0.530013996378133
996,0.8014354739780492,0.5577047243026791
997,0.8014354739780492,0.5577047243026791
998,0.8014354739780492,0.5577047243026791
999,0.8631645328308954,0.5163289369226283
1000,0.8707926279380116,0.5241822225244405
1001,0.123017971233001,0.40454213793423405
1002,0.13217655575591444,0.4016503449924502
1003,0.17910675749037389,0.42371722830059827
1004,0.924378802233554,0.6044554170995325
1005,0.9094939687873166,0.604346804700843
1006,0.9094939687873166,0.604346804700843
1007,0.9057873346821919,0.6002699703116284
1008,0.8955693549229626,0.5863001055976054
1009,0.693514900346452,0.4872830169411388
1010,0.693514900346452,0.4872830169411388
1011,0.693514900346452,0.4872830169411388
1012,0.42083759817025185,0.5312634541940255
1013,0.42083759817025185,0.5312634541940255
1014,0.41622253219822364,0.5347586886347401
1015,0.6892546880558202,0.4745179044840899
1016,1.1546744573978105,0.6175130181606747
1017,1.1855881130678565,0.606215089894193
1018,0.42057999131312357,0.5314955467993486
1019,0.4437882533197567,0.6651816509009678
1020,0.39220764205932285,0.601227150456782
1021,0.39380527126399373,0.6698646511776329
1022,0.39380527126399373,0.6698646511776329
1023,0.4102847090692267,0.6696298364785377
1024,0.4102847090692267,0.6696298364785377
1025,0.3882535716496058,0.6298842862734555
1026,0.3882535716496058,0.6298842862734555
1027,0.684813024308394,0.4792344383780947
1028,0.4364553595803019,0.6592349960380814
1029,0.4364553595803019,0.6592349960380814
1030,0.4364553595803019,0.6592349960380814
1031,0.4364553595803019,0.6592349960380814
1032,0.7288085993363149,0.41628907074850763
1033,0.7138996417637262,0.4641124885145635
1034,0.7138996417637262,0.4641124885145635
1035,0.8554923181890042,0.5102597129907156
1036,0.22395722854512035,0.5058096423339767
1037,0.17776942214859967,0.42183079952033775
1038,0.17776942214859967,0.42183079952033775
1039,0.123017971233001,0.40454213793423405
1040,0.7559423528535922,0.45244688675498046
1041,0.7539681932163106,0.4501990762364038
1042,0.7539681932163106,0.4501990762364038
1043,0.7539681932163106,0.4501990762364038
1044,0.7539681932163106,0.4501990762364038
1045,0.7964302579111302,0.4184212630692857
1046,0.7808211271321815,0.41207621363778785
1047,0.6713478098630349,0.543289102062407
1048,0.6454315056611525,0.5924554768542061
1049,0.6454315056611525,0.5924554768542061
1050,0.6385491882194118,0.6487699910394042
1051,0.70631681720409,0.6852374543889749
1052,0.7166917000296934,0.6820844165989913
1053,0.7205544201000232,0.6817590855877911
1054,0.7205544201000232,0.6817590855877911
1055,0.7442470148964301,0.7055579222691607
1056,0.7442470148964301,0.7055579222691607
1057,0.759638242864014,0.7417204333473386
1058,0.7795685778218427,0.8479893148892218
1059,0.7452367797566539,0.6911948330264969
1060,0.6912902284900798,0.6861638730147697
1061,1.1013698648076495,0.6860450073733017
1062,1.006721870092361,0.6678690268306836
1063,0.9329306773530962,0.7893047055218363
1064,0.9242637127481738,0.7915152083627569
1065,0.8318634101433561,0.8260088182170349
1066,0.4051160649116916,0.7557148729180581
1067,0.3946571188749181,0.6717459168111766
1068,0.3932298238370931,0.6701976002756858
1069,0.3932298238370931,0.6701976002756858
1070,0.3932298238370931,0.6701976002756858
1071,0.45247209813489453,0.636145127241084
1072,0.7682906292841309,0.45292376172697457
1073,0.7614294111230666,0.4443425619637536
1074,0.7539681932163106,0.4501990762364038
1075,0.6812420054271587,0.4660199446331575
1076,0.6812420054271587,0.4660199446331575
1077,0.6847199926262159,0.4791579339778653
1078,0.6847199926262159,0.4791579339778653
1079,0.6826902072554808,0.4585109748270354
1080,0.695296668013686,0.4564211138775593
1081,1.1547381402201984,0.6173257683832843
1082,1.1839922123464284,0.5760599050524744
1083,1.1152829646165832,0.7019629723359855
1084,1.1826947774689682,0.6525027064859783
1085,0.4364553595803019,0.6592349960380814
1086,0.43131798132760824,0.6607875478057258
1087,1.1842956632932038,0.5777743444215113
1088,1.2571445655358593,0.5599949871152038
1089,0.22660473061478692,0.4926325469654297
1090,0.7795685778218427,0.8479893148892218
1091,1.1842569177699656,0.6048375072477897
1092,1.1842569177699656,0.6048375072477897
1093,0.43131798132760824,0.6607875478057258
1094,0.4133441597644996,0.6638650235426279
1095,0.4133441597644996,0.6638650235426279
1096,0.4133441597644996,0.6638650235426279
1097,0.24259518836734542,0.5646806440355724
1098,0.24259518836734542,0.5646806440355724
1099,1.2468318295395804,0.5612728768025317
1100,0.22395722854512035,0.5058096423339767
1101,1.301367106127057,0.848149638448435
1102,0.7660015085730247,0.44710082620476166
1103,0.8043433877617426,0.4150794866793154
1104,0.8043433877617426,0.4150794866793154
1105,1.2573187337928078,0.5598676435265177
1106,0.6812420054271587,0.4660199446331575
1107,0.6907270611509458,0.46994392235358257
1108,0.6907270611509458,0.46994392235358257
1109,0.39219920391840074,0.6015647414045672
1110,0.7811380052510574,0.43013157320078477
1111,0.8014354739780492,0.5577047243026791
1112,0.7398260654493215,0.44211658023899425
1113,0.7398260654493215,0.44211658023899425
1114,1.2193728540434092,0.5668704501173504
1115,0.3924876917000118,0.599738266319191
1116,0.40284267732646684,0.6053273777239369
1117,0.4054563482650246,0.6038534744786305
1118,0.40305271553907623,0.601161566759585
1119,0.40305271553907623,0.601161566759585
1120,0.6954198106596294,0.47205638136447936
1121,0.6954198106596294,0.47205638136447936
1122,0.6955331755901377,0.5182072133912394
1123,0.6955331755901377,0.5182072133912394
1124,1.1002036296650675,0.6810697464015715
1125,0.6421370873108623,0.5922456275234893
1126,0.6859257432527532,0.5574434802452988
1127,0.6859257432527532,0.5574434802452988
1128,0.36351731474276455,0.626004275171472
1129,0.4477680270609699,0.6333768495773536
1130,0.4477680270609699,0.6333768495773536
1131,0.4477680270609699,0.6333768495773536
1132,1.275521198333613,0.6537187987226665
1133,1.275521198333613,0.6537187987226665
1134,1.275521198333613,0.6537187987226665
1135,1.275521198333613,0.6537187987226665
1136,1.275521198333613,0.6537187987226665
1137,0.39779923820965374,0.5990074873118316
1138,0.39779923820965374,0.5990074873118316
1139,0.3662516338116768,0.6222964670268908
1140,0.3662516338116768,0.6222964670268908
1141,0.3606966736493534,0.6372841267153456
1142,1.102289040769256,0.6792290019222313
1143,1.1155100755295873,0.7026488650395122
1144,1.1156063638313296,0.7016495546228987
1145,1.1156063638313296,0.7016495546228987
1146,1.1156063638313296,0.7016495546228987
1147,1.1156063638313296,0.7016495546228987
1148,0.8190648481145577,0.412254644776854
1149,0.8050508520246907,0.4093395288833651
1150,0.8050508520246907,0.4093395288833651
1151,0.8050508520246907,0.4093395288833651
1152,0.8050508520246907,0.4093395288833651
1153,0.8050508520246907,0.4093395288833651
1154,0.8043433877617426,0.4150794866793154
1155,0.44406178186457473,0.6652288791998844
1156,0.7185047336017686,0.5514358262236158
1157,0.7185488531365438,0.472000558479761
1158,0.6798904768809376,0.39242425587601687
1159,0.6520387624933827,0.36568804128676374
1160,1.1142709494629779,0.7018493846001846
1161,0.380903990190115,0.6676675585310017
1162,0.3662516338116768,0.6222964670268908
1163,0.6962327241855076,0.48844520847943795
1164,0.8003517228414926,0.5456219398300033
1165,1.2138639304609122,0.5593501079419156
1166,1.2138639304609122,0.5593501079419156
1167,0.718777830025776,0.5386862807189904
1168,0.718777830025776,0.5386862807189904
1169,1.2218491852032056,0.5656946207981179
1170,1.2218491852032056,0.5656946207981179
1171,0.6939616346973216,0.4213457037519606
1172,0.22665843930318902,0.49226828984524434
1173,0.8610311641734586,0.6206710253995695
1174,0.853319437975983,0.6284986173355581
1175,0.853319437975983,0.6284986173355581
1176,0.8955693549229626,0.5863001055976054
1177,0.9055725038569543,0.5854124103820441
1178,1.0223313819232975,0.6553380943036902
1179,1.1156063638313296,0.7016495546228987
1180,0.8766080705250401,0.6612444676602351
1181,0.8629562191731578,0.7230425948773233
1182,0.8613725946111255,0.7339745374361683
1183,0.8350954891741427,0.8128043051411309
1184,0.8786317158518918,0.8015045036414349
1185,0.8318634101433561,0.8260088182170349
1186,0.4593298632578441,0.6350751748989093
1187,0.4477680270609699,0.6333768495773536
1188,0.7589112624539051,0.5702191162556058
1189,0.7589112624539051,0.5702191162556058
1190,0.7565699690474604,0.5472427501412357
1191,0.9130329518029933,0.602718322468358
1192,0.9147838385457443,0.604962176424718
1193,0.766297287411224,0.5479294800436091
1194,0.7640215938722185,0.5558329947355614
1195,0.8391140123669648,0.5609885970888799
1196,0.8391140123669648,0.5609885970888799
1197,0.8465057923878085,0.5654429402744956
1198,0.8391140123669648,0.5609885970888799
1199,0.8481266264800154,0.5606859323055282
1200,0.8840151947630355,0.656397309611622
1201,0.9284065335280156,0.6050964527872068
1202,0.9341563762476051,0.6026630931147167
1203,0.9341563762476051,0.6026630931147167
1204,0.9341563762476051,0.6026630931147167
1205,0.8481266264800154,0.5606859323055282
1206,0.8245249538305561,0.5780298167230705
1207,0.8479747085164484,0.5628461397852145
1208,0.8465057923878085,0.5654429402744956
1209,0.8461171743576104,0.5675306615657674
1210,0.8481266264800154,0.5606859323055282
1211,0.40543869809409194,0.6352355245428686
1212,0.39331777220718867,0.628186732665149
1213,0.7138996417637262,0.4641124885145635
1214,0.7248913574047846,0.4647627680978586
1215,0.7085472401956157,0.4745744566597377
1216,0.7129735597258902,0.4785283351683869
1217,0.7127614119780503,0.4711979411875343
1218,0.7185488531365438,0.472000558479761
1219,0.7511534996766034,0.4507426812854514
1220,0.751727796090799,0.4496107166360564
1221,0.7635969173245508,0.5556615213160853
1222,0.766297287411224,0.5479294800436091
1223,0.9094939687873166,0.604346804700843
1224,0.9208843198046401,0.6080296759602537
1225,0.1200387025183437,0.4098041798235428
1226,0.22028788253759002,0.5021879368549171
1227,1.1002036296650675,0.6810697464015715
1228,1.0223313819232975,0.6553380943036902
1229,1.0208735909413482,0.679829450304025
1230,0.9933903498974694,0.6307459338231933
1231,0.970419750408364,0.6061034503487273
1232,0.9284065335280156,0.6050964527872068
1233,0.8610311641734586,0.6206710253995695
1234,0.8348971535787618,0.583595160355493
1235,0.8245249538305561,0.5780298167230705
1236,0.759583383162907,0.544896502483744
1237,0.7458693849817004,0.5490926521823729
1238,0.7375730071840558,0.5509344719982172
1239,0.7282124376090966,0.5180732985890739
1240,0.7282124376090966,0.5180732985890739
1241,1.0684970087371148,0.6208908816112833
1242,1.108668420656136,0.6981745549496382
1243,1.108668420656136,0.6981745549496382
1244,1.1056304542218978,0.7005638808025267
1245,1.108668420656136,0.6981745549496382
1246,0.970419750408364,0.6061034503487273
1247,0.9284065335280156,0.6050964527872068
1248,0.7205544201000232,0.6817590855877911
1249,0.6892546880558202,0.4745179044840899
1250,0.853319437975983,0.6284986173355581
1251,1.01408986382676,0.672391638003529
1252,1.0208528727126593,0.680201565442596
1253,0.7918416613029444,0.43043427875840634
1254,0.7918416613029444,0.43043427875840634
1255,0.7819631949363309,0.42696065034880804
1256,0.7780643652797087,0.4158816398756377
1257,0.7780643652797087,0.4158816398756377
1258,0.7780643652797087,0.4158816398756377
1259,0.9933903498974694,0.6307459338231933
1260,0.8348971535787618,0.583595160355493
1261,0.8955762609991923,0.5863185381393747
1262,0.9057873346821919,0.6002699703116284
1263,0.9356440935598824,0.6112954986878212
1264,0.9280651030903486,0.6004786836580176
1265,0.9280651030903486,0.6004786836580176
1266,0.7375730071840558,0.5509344719982172
1267,0.7282124376090966,0.5180732985890739
1268,0.9356440935598824,0.6112954986878212
1269,0.719016832117817,0.5516069475455376
1270,0.9120984316242351,0.6425594329725607
1271,0.8610311641734586,0.6206710253995695
1272,0.8760602474030579,0.6487742023461731
1273,0.8760602474030579,0.6487742023461731
1274,0.853319437975983,0.6284986173355581
1275,0.4059316654433382,0.6354112663483815
1276,0.785375582267949,0.5366519340426797
1277,0.7733652832369624,0.5295716519484219
1278,0.7733652832369624,0.5295716519484219
1279,0.7733652832369624,0.5295716519484219
1280,0.9094939687873166,0.604346804700843
1281,0.9043667532304169,0.60001945740597
1282,0.42940539497748387,0.6277317550460704
1283,0.3616219896548431,0.644053635326002
1284,0.924378802233554,0.6044554170995325
1285,0.9958417476864869,0.6907256965476672
1286,1.0094744128743731,0.6724077493555048
1287,0.3753390558938058,0.6695120714232046
1288,0.9284065335280156,0.6050964527872068
1289,1.3011039366965838,0.8486636725411084
1290,1.3011039366965838,0.8486636725411084
1291,1.3609417441822425,0.7970229211162415
1292,0.8629562191731578,0.7230425948773233
1293,0.7282124376090966,0.5180732985890739
1294,1.3011039366965838,0.8486636725411084
1295,1.275521198333613,0.6537187987226665
1296,0.6833960883849133,0.5579026762470622
1297,0.6833960883849133,0.5579026762470622
1298,1.2851917399512185,0.7445197651622816
1299,1.3011039366965838,0.8486636725411084
1300,0.9958417476864869,0.6907256965476672
1301,1.0208735909413482,0.679829450304025
1302,1.1798570676035336,0.5549184211761775
1303,1.1839922123464284,0.5760599050524744
1304,1.1842569177699656,0.6048375072477897
1305,1.1842569177699656,0.6048375072477897
1306,1.212376983109352,0.5607388938920456
1307,0.22022419971520218,0.5051313850195809
1308,0.4096804941814448,0.6270454413483105
1309,0.4443395294798538,0.6652138520300211
1310,0.39257113422856277,0.5996166695271756
1311,0.4013932734166166,0.5972676861661004
1312,0.3997279387376471,0.5985689735480633
1313,0.7045849202067848,0.5567875023216177
1314,1.1155100755295873,0.7026488650395122
1315,1.1267661548259054,0.7313992684950055
1316,1.123058086865363,0.7310113168800642
1317,1.1267661548259054,0.7313992684950055
1318,0.8391140123669648,0.5609885970888799
1319,1.2622460738328918,0.51873101616635
1320,1.2643821255677263,0.4992282656031982
1321,0.1184075093117925,0.400940618148989
1322,0.11178452328205195,0.4134507774827524
1323,0.11178452328205195,0.4134507774827524
1324,0.11290222732921854,0.4063062564373365
1325,0.10844157383634635,0.4274686010246145
1326,0.1200387025183437,0.4098041798235428
1327,0.10870129022870519,0.4301622138174445
1328,0.4364553595803019,0.6592349960380814
1329,1.2290852092420088,0.520658410676359
1330,1.2501732429922225,0.5496185685450985
1331,0.7127610309260626,0.47119985994460334
1332,0.7187421525602942,0.4719048145712202
1333,0.719705067004688,0.47137505467749685
1334,0.7248913574047846,0.4647627680978586
1335,0.7134718971583024,0.465811399780523
1336,0.7134435068210377,0.46597982903772944
1337,0.7545467087009672,0.4297193454702405
1338,0.7545467087009672,0.4297193454702405
1339,0.7569808373710398,0.4400684880011096
1340,0.7569808373710398,0.4400684880011096
1341,0.7569808373710398,0.4400684880011096
1342,0.7484197541498581,0.4308618462510932
1343,0.7484197541498581,0.4308618462510932
1344,0.7565734220855751,0.4401627426844359
1345,0.7565734220855751,0.4401627426844359
1346,0.7565734220855751,0.4401627426844359
1347,0.7568799450184774,0.44321720062468567
1348,0.7578562827066009,0.44347243989171803
1349,0.756390430707346,0.4423229572043675
1350,0.7580005246332209,0.44198498447993423
1351,0.6847211436389208,0.47914291229200634
1352,0.6813413657150283,0.4659591027829529
1353,0.6821032536299019,0.4645628866559326
1354,0.6951223072665583,0.4553538522639585
1355,0.6951223072665583,0.4553538522639585
1356,0.6951223072665583,0.4553538522639585
1357,0.6951223072665583,0.4553538522639585
1358,0.6825613095460125,0.4584015853035372
1359,0.4133441597644996,0.6638650235426279
1360,0.38924486857452223,0.7160379734483138
1361,1.3011891037800065,0.8487216627325818
1362,0.08582813005404732,0.6209058206104584
1363,0.38869743043289867,0.7234397106807463
1364,0.6062703843408649,0.5468004709502887
1365,0.6062703843408649,0.5468004709502887
1366,0.6062703843408649,0.5468004709502887
1367,0.4104924452564263,0.6660786350364812
1368,0.3924876917000118,0.599738266319191
1369,0.7562649860359926,0.5454132190701839
1370,0.7506720463827774,0.5511949432370178
1371,0.7506720463827774,0.5511949432370178
1372,0.41622253219822364,0.5347586886347401
1373,0.4526681317048654,0.5728538810049479
1374,1.1150677488109872,0.6980867292760367
1375,1.1156063638313296,0.7016495546228987
1376,1.1035995217668289,0.6548908073777242
1377,1.1584209841105073,0.6877302671884261
1378,1.1277536176607192,0.6662577408723384
1379,1.1277536176607192,0.6662577408723384
1380,1.1547381402201984,0.6173257683832843
1381,0.2330988150066882,0.5587976996620622
1382,1.184458706403461,0.6335103396668087
1383,1.1277536176607192,0.6662577408723384
1384,1.1556638372776755,0.6174194027671615
1385,0.40782641306072165,0.6355405492005582
1386,0.08582813005404732,0.6209058206104584
1387,1.275971582141148,0.6533777646557376
1388,1.2853178563740142,0.7445172361083927
1389,1.2737357851380848,0.7363114106520307
1390,1.2853178563740142,0.7445172361083927
1391,1.2798033702181717,0.7276952653330433
1392,1.259706829811425,0.7172910797715959
1393,1.2621849798069973,0.7176767486204497
1394,1.2714499289032852,0.7211795801071401
1395,1.2856734839444988,0.7151025992175918
1396,1.2995389208280095,0.7172379888154321
1397,1.3052979677208674,0.7241814848574201
1398,1.2969074111567107,0.7289479941807638
1399,1.318234828050953,0.7316116009607628
1400,1.284549639853449,0.7336562960273023
1401,1.2896585334879738,0.741036138536963
1402,1.2981646627271446,0.7478514344435002
1403,1.2797522542546338,0.7384924959758272
1404,1.2696886830461898,0.7429194145353815
1405,1.2798040419696137,0.7276952653330433
1406,0.9933903498974694,0.6307459338231933
1407,0.8766080705250401,0.6612444676602351
1408,0.8318634101433561,0.8260088182170349
1409,0.8350954891741427,0.8128043051411309
1410,0.8613725946111255,0.7339745374361683
1411,0.8629562191731578,0.7230425948773233
1412,0.9933903498974694,0.6307459338231933
1413,0.8245249538305561,0.5780298167230705
1414,0.8348971535787618,0.583595160355493
1415,0.970419750408364,0.6061034503487273
1416,0.9284065335280156,0.6050964527872068
1417,0.766297287411224,0.5479294800436091
1418,0.8479747085164484,0.5628461397852145
1419,0.7282124376090966,0.5180732985890739
1420,0.8610311641734586,0.6206710253995695
1421,1.256900578341011,0.5602788732622402
1422,0.4649195423631237,0.6648820561267553
1423,0.4649195423631237,0.6648820561267553
1424,0.9452824068217498,0.6043299373592972
1425,0.9452824068217498,0.6043299373592972
1426,0.9452824068217498,0.6043299373592972
1427,0.9281732864994992,0.5960562035488909
1428,0.09494317644109465,0.6267262367026267
1429,0.09494317644109465,0.6267262367026267
1430,0.09494317644109465,0.6267262367026267
1431,0.12004675960727831,0.7769985953597534
1432,0.4521381473156241,0.6338617563937908
1433,0.13217655575591444,0.4016503449924502
1434,0.6808802417411616,0.44641589004482246
1435,0.70631681720409,0.6852374543889749
1436,0.876982876402779,0.7533943013617305
1437,0.876982876402779,0.7533943013617305
1438,0.876982876402779,0.7533943013617305
1439,0.39380527126399373,0.6698646511776329
1440,0.7899261993852431,0.44017784401791454
1441,1.1156063638313296,0.7016495546228987
1442,0.7282124376090966,0.5180732985890739
1443,0.8245249538305561,0.5780298167230705
1444,0.41765232175163786,0.6229076056045582
1445,0.4229161071265816,0.6329583250937505
1446,0.2420347041056089,0.565670026434339
1447,1.0208735909413482,0.679829450304025
1448,0.8977575793531356,0.5838172486306364
1449,0.835367481725897,0.5874586974127743
1450,0.835367481725897,0.5874586974127743
1451,0.835367481725897,0.5874586974127743
1452,0.6892546880558202,0.4745179044840899
1453,1.1142709494629779,0.7018493846001846
1454,0.4042168372180566,0.6335552682648798
1455,1.2563596573668874,0.5599869651815245
1456,1.368341196311662,0.7778971136145236
1457,0.3863327357203675,0.581962045771047
1458,0.3863327357203675,0.581962045771047
1459,0.7569313516814697,0.4355341868479464
1460,0.7501890570958879,0.43128783738453713
1461,0.7484120820412822,0.43148715064349497
1462,0.6952134179753141,0.45936278101387923
1463,0.6827590715992263,0.45799320527832404
1464,0.690083523269388,0.4080569556561448
1465,0.8610311641734586,0.6206710253995695
1466,0.835367481725897,0.5874586974127743
1467,0.8237891502991663,0.5785807381267248
1468,0.8237891502991663,0.5785807381267248
1469,0.8237891502991663,0.5785807381267248
1470,0.7565699690474604,0.5472427501412357
1471,0.8707926279380116,0.5241822225244405
1472,0.8177589711678045,0.5174186192787833
1473,1.1155100755295873,0.7026488650395122
1474,0.7282124376090966,0.5180732985890739
1475,0.11178452328205195,0.4134507774827524
1476,0.21959657959296305,0.5143335077585758
1477,0.1184075093117925,0.400940618148989
1478,0.112776782657865,0.40520989862735884
1479,0.5038922982936452,0.3755330303149171
1480,0.5038922982936452,0.3755330303149171
1481,0.5262626662631694,0.4049761628483647
1482,0.627980377430697,0.3803477927958373
1483,0.6259200961158378,0.37954215960622056
1484,0.7398260654493215,0.44211658023899425
1485,0.18705403274177562,0.4370489385176707
1486,0.18475110380658125,0.43464281677786476
1487,0.17779090640963474,0.42499548015610106
1488,0.1784177565711566,0.42961439946771607
1489,0.1754630401752905,0.4328768184826669
1490,0.7565699690474604,0.5472427501412357
1491,0.7637365591287223,0.5555817368398291
1492,0.6971929476957619,0.4284050425791176
1493,0.680504477340897,0.39432894918855305
1494,0.6957140574331362,0.4196964614559013
1495,0.7022407512327632,0.41071871636452073
1496,0.7019064154331341,0.4106557996102582
1497,1.2594839379688818,0.5534744446991885
1498,1.2448001271237938,0.5633344928056093
1499,1.1817330179656504,0.6503942765848668
1500,1.1839450247538972,0.6049736726535614
1501,1.2036198663181992,0.5525330452212488
1502,1.1559573140904649,0.6171270621016041
1503,1.1559573140904649,0.6171270621016041
1504,1.1559573140904649,0.6171270621016041
1505,1.1559573140904649,0.6171270621016041
1506,1.1798570676035336,0.5549184211761775
1507,1.256900578341011,0.5602788732622402
1508,1.1842569177699656,0.6048375072477897
1509,1.1811123039196407,0.6174201794900943
1510,1.1826947774689682,0.6525027064859783
1511,1.1842956632932038,0.5777743444215113
1512,1.1557386452467542,0.617535653745019
1513,1.1156063638313296,0.7016495546228987
1514,1.1156063638313296,0.7016495546228987
1515,1.2138639304609122,0.5593501079419156
1516,1.1156063638313296,0.7016495546228987
1517,0.9349692858451121,0.6113181220684833
1518,0.9349692858451121,0.6113181220684833
1519,0.9349692858451121,0.6113181220684833
1520,0.9349692858451121,0.6113181220684833
1521,0.7362460309566261,0.515692851914919
1522,0.8610311641734586,0.6206710253995695
1523,0.9933903498974694,0.6307459338231933
1524,0.7589112624539051,0.5702191162556058
1525,0.8766080705250401,0.6612444676602351
1526,0.6892546880558202,0.4745179044840899
1527,0.6860991415489841,0.5545835385866275
1528,0.9356440935598824,0.6112954986878212
1529,0.9284065335280156,0.6050964527872068
1530,0.6713478098630349,0.543289102062407
1531,1.1155100755295873,0.7026488650395122
1532,1.1123090659850916,0.7005174394876685
1533,0.7639061233348508,0.5556615213160853
1534,0.7654582895018622,0.5517619528822956
1535,0.4256552227364929,0.5280747033135377
1536,0.452592746265249,0.5730012108044225
1537,0.08582813005404732,0.6209058206104584
1538,0.4649195423631237,0.6648820561267553
1539,0.4786527188515844,0.6803146736082142
1540,0.4786527188515844,0.6803146736082142
1541,0.48564341219265506,0.6839411314731287
1542,0.447415278986433,0.6332767041850087
1543,0.46529645777609324,0.6424259361199184
1544,0.4646715246596225,0.643301338253266
1545,0.4646715246596225,0.643301338253266
1546,0.45942270244984285,0.6348200494828867
1547,0.46027397651860036,0.6356160909085607
1548,0.47292589245772265,0.655276359246782
1549,0.45247209813489453,0.636145127241084
1550,0.4606752517601817,0.6380955051568905
1551,0.4606752517601817,0.6380955051568905
1552,0.4606752517601817,0.6380955051568905
1553,0.4675211257040942,0.6514097703684744
1554,0.46647573511041707,0.6548363353252592
1555,0.46647573511041707,0.6548363353252592
1556,0.464680732761262,0.6588625035471499
1557,0.464680732761262,0.6588625035471499
1558,0.4649195423631237,0.6648820561267553
1559,0.46410586280489935,0.639110986572551
1560,0.46410586280489935,0.639110986572551
1561,0.46710584581987435,0.6490585107966366
1562,0.4659643554862629,0.6462618024031231
1563,0.6713295861499353,0.5422866748115727
1564,0.6713295861499353,0.5422866748115727
1565,0.70631681720409,0.6852374543889749
1566,1.3795876864543528,0.679079390621839
1567,1.3648118024496123,0.6708501429322042
1568,1.3319938060801848,0.6764242971210843
1569,1.3319938060801848,0.6764242971210843
1570,0.7205544201000232,0.6817590855877911
1571,0.03234351986250946,0.7619864101688542
1572,0.03234351986250946,0.7619864101688542
1573,0.03655069128781017,0.7637798681387481
1574,0.03655069128781017,0.7637798681387481
1575,1.1360189220437016,0.7073702020929008
1576,1.1279174307316941,0.730646961333832
1577,1.1161802752651668,0.7024976863729067
1578,0.7506720463827774,0.5511949432370178
1579,0.7565699690474604,0.5472427501412357
1580,0.03655069128781017,0.7637798681387481
1581,0.7899261993852431,0.44017784401791454
1582,0.7896469157769006,0.4367828916294839
1583,0.8127153906296353,0.4067203767401985
1584,0.8127153906296353,0.4067203767401985
1585,0.8050508520246907,0.4093395288833651
1586,0.7808211271321815,0.41207621363778785
1587,0.7854300569886975,0.40979118750111665
1588,0.7854300569886975,0.40979118750111665
1589,0.7947177356396296,0.4083116331311956
1590,0.7973344746359435,0.4120723999392407
1591,0.8050508520246907,0.4093395288833651
1592,0.8050508520246907,0.4093395288833651
1593,0.8043433877617426,0.4150794866793154
1594,0.7780643652797087,0.4158816398756377
1595,0.9011695856327661,0.7796141755650396
1596,0.9253275195451299,0.791082448213599
1597,0.9330277356155561,0.7876455034313485
1598,0.6900628050406993,0.49270674518362884
1599,0.6443381614425978,0.6348568751593777
1600,0.6385491882194118,0.6487699910394042
1601,0.6419690551694264,0.6537541024298734
1602,0.653273092018993,0.6695607942354805
1603,0.655102620820925,0.6736507234488378
1604,0.6646914483932224,0.6823077065992897
1605,0.6912902284900798,0.6861638730147697
1606,0.70631681720409,0.6852374543889749
1607,0.7166917000296934,0.6820844165989913
1608,0.7205544201000232,0.6817590855877911
1609,0.7442470148964301,0.7055579222691607
1610,0.755621636716243,0.7304570004066591
1611,0.7537115448817078,0.7259026273801916
1612,0.7205544201000232,0.6817590855877911
1613,0.7119300861772642,0.6829955665140791
1614,0.70631681720409,0.6852374543889749
1615,0.6912902284900798,0.6861638730147697
1616,0.6147065964328602,0.647809377910646
1617,0.6466148135041291,0.5926338539767723
1618,0.6466148135041291,0.5926338539767723
1619,1.1718610726949081,0.6078900198496392
1620,1.1717927858217003,0.6079790526078007
1621,0.745480000919156,0.6997984640577857
1622,0.745480000919156,0.6997984640577857
1623,0.745480000919156,0.6997984640577857
1624,1.1718369014281045,0.6075420569056396
1625,1.171396880663285,0.6078132972906042
1626,0.4912421069093948,0.8535692275583673
1627,0.48438587385113785,0.8611735022690951
1628,0.4526681317048654,0.5728538810049479
1629,0.6889169031464473,0.4586778653041383
1630,0.6889169031464473,0.4586778653041383
1631,0.6825613095460125,0.4584015853035372
1632,1.1155100755295873,0.7026488650395122
1633,1.1056304542218978,0.7005638808025267
1634,0.453344852536316,0.6334880978863582
1635,0.453344852536316,0.6334880978863582
1636,0.9933903498974694,0.6307459338231933
1637,0.8977575793531356,0.5838172486306364
1638,0.8955693549229626,0.5863001055976054
1639,0.906835797261996,0.5881177363847375
1640,0.9043667532304169,0.60001945740597
1641,0.9284065335280156,0.6050964527872068
1642,1.256900578341011,0.5602788732622402
1643,1.1654513854257122,0.612709965869349
1644,1.181244654667224,0.6502680832443347
1645,1.1142709494629779,0.7018493846001846
1646,0.7721338332073,0.33060760157455366
1647,0.7685810341107933,0.1958815787726394
1648,1.3936699694174273,0.8631910334104955
1649,0.6421992341401866,0.591148823330238
1650,0.8391140123669648,0.5609885970888799
1651,1.1757740955559772,0.6009609299013402
1652,0.6954198106596294,0.47205638136447936
1653,0.6713295861499353,0.5422866748115727
1654,0.7784284309911156,0.8462030765296217
1655,0.7641785008669637,0.7986173334915772
1656,0.7432810363226512,0.6913233769563544
1657,0.7045849202067848,0.5567875023216177
1658,0.7056258992398217,0.5381078094222134
1659,0.7056258992398217,0.5381078094222134
1660,0.8237891502991663,0.5785807381267248
1661,0.835367481725897,0.5874586974127743
1662,0.8237891502991663,0.5785807381267248
1663,0.7641785008669637,0.7986173334915772
1664,0.7794749725974977,0.8488969520124462
1665,0.732770345782979,0.7037299053592473
1666,0.759098857882954,0.7418642567644936
1667,0.759098857882954,0.7418642567644936
1668,0.755621636716243,0.7304570004066591
1669,0.6421992341401866,0.591148823330238
1670,0.7460385642074704,0.6955801561403064
1671,0.7460385642074704,0.6955801561403064
1672,0.7460385642074704,0.6955801561403064
1673,0.7460385642074704,0.6955801561403064
1674,0.7960420248612907,0.5707508235786536
1675,0.7960420248612907,0.5707508235786536
1676,0.8014354739780492,0.5577047243026791
1677,0.4057344769322913,0.6354112663483815
1678,0.4314850510181476,0.6323103576602004
1679,0.453344852536316,0.6334880978863582
1680,0.8630632515696035,0.723031922315913
1681,0.8845350125281118,0.7578823705302928
1682,0.8845350125281118,0.7578823705302928
1683,0.9057873346821919,0.6002699703116284
1684,0.9094939687873166,0.604346804700843
1685,0.9043667532304169,0.60001945740597
1686,0.924378802233554,0.6044554170995325
1687,0.9249155002088454,0.7252661547471928
1688,0.8613725946111255,0.7339745374361683
1689,0.4573647192320225,0.5106897532180192
1690,0.6952788292809449,0.47160750425319514
1691,0.6952788292809449,0.47160750425319514
1692,0.8436949368665747,0.5740960769794484
1693,0.7733652832369624,0.5295716519484219
1694,0.9356440935598824,0.6112954986878212
1695,0.9061030617883626,0.6002147489236062
1696,0.9092288783834208,0.6032845307942792
1697,1.108668420656136,0.6981745549496382
1698,0.9372741357537288,0.6115940032681834
1699,0.9372741357537288,0.6115940032681834
1700,0.9284065335280156,0.6050964527872068
1701,1.1557490043610985,0.6175229611190057
1702,1.1571826280046151,0.6886080409158154
1703,1.1622369526374874,0.8396952277888571
1704,1.1150800249703825,0.7020243689719182
1705,1.1150800249703825,0.7020243689719182
